{"is_source_file": true, "format": "md", "description": ".md file: README.md", "external_files": [], "external_methods": [], "published": [], "classes": [], "methods": [], "calls": [], "search-terms": ["README.md", "md"], "state": 2, "filename": "README.md", "format-version": 4, "code-base-name": "https://github.com/kavia-common/simple-blog-viewer-6423-6441.git:kavia-main", "knowledge_revision": 3, "git_revision": "2134f9038b0756b599014c5929c9c9f9ac5926ef", "revision_history": [{"3": "2134f9038b0756b599014c5929c9c9f9ac5926ef"}]}